code,dong,gu,population,crime_rate,conv_cnt,mart_cnt,hosp_cnt,bus_cnt,cctv_cnt,park_cnt,subway_dist_m,subway_access
11140520,소공동,중구,25857,116.46,171,184,15,138,339,17,117.8,0.7901
11110515,청운효자동,종로구,17336,98.57,21,23,1,38,223,4,1012.7,0.1319
11110530,사직동,종로구,24576,98.57,75,78,8,104,294,18,347.9,0.4987
11110540,삼청동,종로구,6983,98.57,6,16,0,36,94,4,1371.8,0.0643
11110550,부암동,종로구,10779,98.57,12,11,0,47,116,2,1956.9,0.02
11110560,평창동,종로구,18486,98.57,4,2,1,21,32,3,3113.8,0.002
11110570,무악동,종로구,6027,98.57,29,28,2,60,236,11,291.2,0.5585
11110580,교남동,종로구,7306,98.57,62,55,10,111,280,18,628.2,0.2847
11110600,가회동,종로구,6003,98.57,34,33,13,71,130,4,676.9,0.2583
11110615,종로1?2?3?4가동,종로구,61332,98.57,113,107,16,100,225,10,296.4,0.5527
11110630,종로5?6가동,종로구,14236,98.57,94,173,8,92,304,8,311.0,0.5369
11110640,이화동,종로구,35652,98.57,66,59,16,71,274,8,308.5,0.5395
11110650,혜화동,종로구,31843,98.57,52,46,13,88,269,4,690.2,0.2515
11110670,창신1동,종로구,8141,98.57,104,161,8,79,447,9,164.1,0.7203
11110680,창신2동,종로구,6780,98.57,83,120,6,83,376,11,485.9,0.3784
11110690,창신3동,종로구,4985,98.57,80,86,4,69,407,12,194.8,0.6773
11110700,숭인1동,종로구,8245,98.57,103,126,11,75,398,14,310.9,0.537
11110710,숭인2동,종로구,11810,98.57,116,153,14,77,382,18,311.9,0.5359
11140540,회현동,중구,28013,116.46,136,173,9,96,428,11,201.7,0.668
11140550,명동,중구,39471,116.46,220,225,7,114,336,15,273.0,0.5792
11140570,필동,중구,13923,116.46,89,69,2,30,204,2,482.1,0.3813
11140580,장충동,중구,11241,116.46,76,50,7,38,317,6,492.2,0.3736
11140590,광희동,중구,23278,116.46,143,194,4,81,393,6,150.3,0.7404
11140605,을지로동,중구,16710,116.46,173,195,6,89,332,13,111.2,0.8006
11140615,신당동,중구,20157,116.46,131,172,8,79,479,10,221.5,0.6421
11140625,다산동,중구,13888,116.46,62,44,8,55,393,5,191.7,0.6816
11140635,약수동,중구,13151,116.46,47,32,7,92,379,9,371.1,0.4761
11140645,청구동,중구,9192,116.46,88,63,10,107,463,10,401.2,0.4483
11140650,신당5동,중구,6631,116.46,90,120,7,96,453,20,298.6,0.5503
11140665,동화동,중구,11925,116.46,93,91,8,102,490,18,412.4,0.4383
11140670,황학동,중구,12178,116.46,120,155,13,85,418,22,339.5,0.5071
11140680,중림동,중구,8119,116.46,116,109,9,122,430,16,300.2,0.5486
11290575,동선동,성북구,24372,53.11,79,60,6,114,246,6,216.1,0.6491
11290580,돈암1동,성북구,10192,53.11,59,59,7,117,271,10,409.4,0.441
11290590,돈암2동,성북구,13943,53.11,72,57,8,124,270,6,655.1,0.2698
11290600,안암동,성북구,28277,53.11,103,61,7,76,268,10,225.7,0.6367
11290610,보문동,성북구,13602,53.11,100,71,9,88,379,13,272.4,0.58
11290620,정릉1동,성북구,12654,53.11,56,62,2,123,304,15,317.5,0.5299
11290630,정릉2동,성북구,17558,53.11,53,36,4,115,258,9,436.1,0.418
11290640,정릉3동,성북구,16412,53.11,24,16,1,31,92,1,1206.5,0.0895
11290650,정릉4동,성북구,16180,53.11,2,5,0,3,21,0,1703.5,0.0331
11290660,길음1동,성북구,35101,53.11,57,58,6,107,420,21,711.4,0.2411
11290685,길음2동,성북구,18460,53.11,54,74,7,116,542,21,572.6,0.3182
11290705,종암동,성북구,38840,53.11,49,44,4,98,225,11,798.4,0.2026
11290715,월곡1동,성북구,26916,53.11,65,70,6,126,524,16,787.0,0.2072
11290725,월곡2동,성북구,22843,53.11,36,38,1,53,226,14,371.0,0.4761
11290760,장위1동,성북구,19338,53.11,44,60,1,124,451,9,1025.7,0.1285
11290770,장위2동,성북구,14322,53.11,63,64,0,117,396,6,448.2,0.408
11290780,장위3동,성북구,10673,53.11,55,50,2,123,564,4,896.7,0.1664
11290810,석관동,성북구,26421,53.11,57,57,1,73,296,9,502.5,0.366
11305534,삼양동,강북구,19992,90.42,49,72,2,95,1205,17,412.2,0.4385
11305535,미아동,강북구,21305,90.42,93,86,9,116,1462,16,221.5,0.6421
11305545,송중동,강북구,30078,90.42,55,61,4,117,989,16,550.8,0.3323
11305555,송천동,강북구,23572,90.42,69,79,6,112,1276,21,524.7,0.3501
11305575,삼각산동,강북구,19608,90.42,47,62,2,108,987,18,426.6,0.4261
11305595,번1동,강북구,0,90.42,117,94,10,103,1190,17,434.3,0.4196
11305603,번2동,강북구,0,90.42,50,47,5,135,1090,15,834.1,0.1886
11305608,번3동,강북구,0,90.42,33,30,2,136,713,11,1468.0,0.0531
11215840,자양3동,광진구,25609,81.77,76,53,1,41,200,10,381.6,0.4662
11215847,자양4동,광진구,27623,81.77,72,50,7,48,205,10,366.9,0.4801
11215850,구의1동,광진구,20904,81.77,72,64,5,64,284,13,491.4,0.3743
11215860,구의2동,광진구,18658,81.77,54,39,3,59,301,8,455.0,0.4025
11215870,구의3동,광진구,27890,81.77,61,62,5,55,220,10,210.5,0.6564
11230536,용신동,동대문구,40248,90.61,115,130,21,72,321,15,354.9,0.4918
11230545,제기동,동대문구,30486,90.61,93,122,11,77,316,6,659.7,0.2673
11230560,전농1동,동대문구,36032,90.61,72,100,4,80,302,8,290.0,0.5598
11230570,전농2동,동대문구,14396,90.61,67,71,4,59,333,10,1021.9,0.1295
11230600,답십리1동,동대문구,23473,90.61,55,79,6,74,352,15,496.1,0.3708
11230610,답십리2동,동대문구,20919,90.61,99,81,10,78,392,16,861.7,0.1785
11230650,장안1동,동대문구,33945,90.61,96,68,10,62,291,15,634.4,0.2812
11230660,장안2동,동대문구,28701,90.61,79,71,6,73,323,14,1313.0,0.0724
11230705,청량리동,동대문구,19493,90.61,78,97,3,70,266,3,808.8,0.1984
11305615,수유1동,강북구,0,90.42,32,39,1,88,896,11,779.8,0.2102
11305625,수유2동,강북구,0,90.42,95,90,4,102,1175,12,487.0,0.3775
11305635,수유3동,강북구,0,90.42,133,107,9,104,1355,18,338.4,0.5082
11305645,우이동,강북구,17076,90.42,2,5,0,1,81,0,1114.9,0.1075
11305660,인수동,강북구,24943,90.42,16,15,2,43,350,1,1255.7,0.0811
11320511,창1동,도봉구,17916,69.49,70,68,4,80,808,20,727.4,0.2335
11170510,후암동,용산구,12558,123.17,74,56,1,65,432,5,781.8,0.2094
11170520,용산2가동,용산구,11733,123.17,47,31,0,53,330,6,386.7,0.4614
11170530,남영동,용산구,17238,123.17,80,44,0,69,487,11,247.2,0.6099
11170555,청파동,용산구,22696,123.17,89,66,2,85,577,19,573.6,0.3175
11170560,원효로1동,용산구,18508,123.17,80,67,1,97,451,15,402.4,0.4472
11170570,원효로2동,용산구,14006,123.17,58,48,3,103,305,7,858.2,0.1797
11170580,효창동,용산구,10511,123.17,95,78,3,123,554,19,398.7,0.4505
11170590,용문동,용산구,7042,123.17,76,70,3,133,445,12,289.8,0.5602
11170625,한강로동,용산구,52373,123.17,57,43,0,57,222,14,62.1,0.8832
11170630,이촌1동,용산구,25323,123.17,12,11,0,28,108,10,817.7,0.1949
11170640,이촌2동,용산구,7318,123.17,13,7,0,16,96,3,1110.0,0.1086
11170650,이태원1동,용산구,11004,123.17,48,50,1,57,407,4,155.9,0.7321
11170660,이태원2동,용산구,10949,123.17,49,33,0,62,380,6,831.2,0.1897
11170685,한남동,용산구,27267,123.17,34,27,3,65,315,3,383.9,0.4641
11170690,서빙고동,용산구,14656,123.17,11,8,1,27,116,3,33.6,0.935
11170700,보광동,용산구,6526,123.17,39,40,2,42,359,0,783.2,0.2088
11200520,왕십리2동,성동구,14753,60.75,71,96,6,140,404,23,352.5,0.4941
11200535,왕십리도선동,성동구,20872,60.75,98,130,11,88,410,21,277.8,0.5737
11200540,마장동,성동구,19073,60.75,81,78,9,98,386,12,255.2,0.6002
11200550,사근동,성동구,26120,60.75,61,53,6,85,264,5,351.7,0.4949
11200560,행당1동,성동구,43048,60.75,72,73,9,130,384,13,248.2,0.6087
11200570,행당2동,성동구,16363,60.75,72,66,4,162,389,22,73.2,0.8638
11200580,응봉동,성동구,10513,60.75,35,45,2,126,225,10,126.4,0.7766
11200590,금호1가동,성동구,12509,60.75,46,59,1,181,375,22,424.1,0.4282
11200615,금호2?3가동,성동구,17940,60.75,50,50,5,161,368,12,350.9,0.4957
11200620,금호4가동,성동구,11036,60.75,30,23,0,108,237,9,732.2,0.2312
11200645,옥수동,성동구,27841,60.75,22,12,0,82,162,5,174.6,0.7052
11200650,성수1가1동,성동구,17300,60.75,36,34,0,46,155,5,381.1,0.4667
11200660,성수1가2동,성동구,22649,60.75,67,34,2,67,189,8,386.4,0.4617
11200670,성수2가1동,성동구,18060,60.75,69,47,5,58,238,7,915.3,0.1603
11200690,성수2가3동,성동구,43432,60.75,111,52,10,75,297,13,217.2,0.6477
11200720,송정동,성동구,9975,60.75,79,51,3,50,284,10,782.1,0.2093
11200790,용답동,성동구,17010,60.75,49,41,7,40,184,4,668.6,0.2626
11215710,화양동,광진구,39312,81.77,119,59,9,72,270,10,346.8,0.4998
11215730,군자동,광진구,24913,81.77,102,48,2,59,316,8,564.7,0.3233
11215740,중곡1동,광진구,14215,81.77,89,77,7,87,334,10,580.5,0.3132
11215750,중곡2동,광진구,18032,81.77,92,73,5,90,336,7,486.1,0.3783
11215760,중곡3동,광진구,12751,81.77,65,77,3,77,350,10,300.3,0.5485
11215770,중곡4동,광진구,24047,81.77,23,27,1,48,164,4,927.5,0.1565
11215780,능동,광진구,13842,81.77,95,56,5,59,284,7,691.6,0.2508
11215810,광장동,광진구,35625,81.77,21,13,1,35,159,2,297.2,0.5519
11215820,자양1동,광진구,23192,81.77,95,73,5,56,296,11,510.1,0.3606
11215830,자양2동,광진구,24355,81.77,52,46,4,31,183,7,928.7,0.1561
11230710,회기동,동대문구,19812,90.61,79,47,1,56,235,7,715.0,0.2393
11230720,휘경1동,동대문구,19505,90.61,95,54,5,74,286,8,464.5,0.395
11230730,휘경2동,동대문구,18819,90.61,60,52,3,58,300,10,792.6,0.2049
11230740,이문1동,동대문구,36943,90.61,85,58,3,64,254,7,309.7,0.5383
11230750,이문2동,동대문구,12140,90.61,58,54,2,64,328,8,111.5,0.8002
11260520,면목2동,중랑구,18988,98.09,78,84,5,86,463,17,642.9,0.2764
11260540,면목4동,중랑구,14925,98.09,57,61,3,64,389,7,119.4,0.7876
11260550,면목5동,중랑구,11189,98.09,79,82,5,86,491,17,867.1,0.1765
11260565,면목본동,중랑구,27091,98.09,108,111,11,99,604,19,168.2,0.7144
11260570,면목7동,중랑구,14737,98.09,45,41,4,38,338,7,564.6,0.3233
11260575,면목3?8동,중랑구,19790,98.09,46,55,2,48,359,9,959.1,0.1469
11260580,상봉1동,중랑구,17919,98.09,93,89,12,82,399,8,325.2,0.5218
11260590,상봉2동,중랑구,22856,98.09,118,130,9,91,587,13,204.7,0.6641
11260600,중화1동,중랑구,14896,98.09,85,82,10,63,428,8,336.7,0.51
11260610,중화2동,중랑구,24313,98.09,74,82,4,73,445,10,483.2,0.3805
11260620,묵1동,중랑구,24308,98.09,58,46,9,79,489,9,546.0,0.3355
11260630,묵2동,중랑구,17025,98.09,67,57,9,77,445,10,274.5,0.5775
11260655,망우본동,중랑구,39364,98.09,37,41,6,53,243,5,497.1,0.37
11260660,망우3동,중랑구,9352,98.09,56,54,7,55,296,12,1286.5,0.0763
11260680,신내1동,중랑구,32263,98.09,6,6,0,36,91,4,750.4,0.223
11260690,신내2동,중랑구,14062,98.09,31,32,3,63,198,11,699.3,0.2469
11290525,성북동,성북구,19149,53.11,13,13,2,52,189,3,1404.7,0.0602
11290555,삼선동,성북구,25978,53.11,87,79,5,108,315,9,528.5,0.3475
11320681,쌍문4동,도봉구,12999,69.49,74,81,10,106,791,11,844.3,0.1848
11320690,방학1동,도봉구,23951,69.49,77,72,12,90,767,8,281.8,0.5691
11320700,방학2동,도봉구,10004,69.49,47,54,7,55,553,9,1038.9,0.1252
11320710,방학3동,도봉구,17756,69.49,33,30,3,65,385,3,958.4,0.1471
11350560,월계1동,노원구,19615,68.81,49,51,1,115,538,1,372.1,0.4751
11350570,월계2동,노원구,18613,68.81,21,31,2,72,537,4,670.2,0.2617
11350580,월계3동,노원구,21587,68.81,57,45,3,88,680,1,270.7,0.5819
11350595,공릉1동,노원구,35926,68.81,67,51,7,98,725,0,172.1,0.7087
11350600,공릉2동,노원구,47638,68.81,4,5,0,15,87,0,1538.8,0.0461
11350611,하계1동,노원구,23021,68.81,30,41,1,87,403,0,669.5,0.2621
11350612,하계2동,노원구,16122,68.81,35,47,4,89,451,1,303.8,0.5446
11350619,중계본동,노원구,19894,68.81,23,17,0,22,306,1,1747.4,0.0304
11350621,중계1동,노원구,23893,68.81,49,56,4,77,626,1,1033.9,0.1265
11350624,중계4동,노원구,15115,68.81,21,34,3,27,400,1,806.9,0.1991
11350665,상계3?4동,노원구,18600,68.81,8,15,0,12,299,0,762.0,0.2178
11350670,상계5동,노원구,16739,68.81,42,61,3,76,776,0,651.3,0.2718
11350695,상계6?7동,노원구,43459,68.81,60,35,8,88,485,5,585.5,0.3101
11350700,상계8동,노원구,17374,68.81,42,42,3,87,492,1,407.6,0.4426
11350710,상계9동,노원구,14235,68.81,36,43,0,84,548,0,495.4,0.3713
11350720,상계10동,노원구,12211,68.81,71,44,10,107,504,1,572.3,0.3184
11380510,녹번동,은평구,29252,79.04,52,38,7,56,330,17,497.2,0.3699
11380520,불광1동,은평구,23720,79.04,13,11,1,35,138,9,526.8,0.3487
11380530,불광2동,은평구,18501,79.04,48,42,3,62,266,14,750.8,0.2228
11380551,갈현1동,은평구,17303,79.04,51,42,4,64,197,7,865.1,0.1772
11380552,갈현2동,은평구,21563,79.04,75,58,8,86,268,17,725.0,0.2346
11380560,구산동,은평구,25147,79.04,47,38,8,75,226,16,880.1,0.172
11380570,대조동,은평구,54355,79.04,102,76,13,107,351,24,528.6,0.3475
11380580,응암1동,은평구,21587,79.04,55,43,8,76,356,23,819.3,0.1943
11380590,응암2동,은평구,17736,79.04,60,43,4,96,304,17,824.7,0.1922
11380600,응암3동,은평구,21324,79.04,75,56,3,122,367,29,425.2,0.4273
11380625,역촌동,은평구,39673,79.04,96,67,11,110,338,22,667.8,0.263
11380631,신사1동,은평구,19811,79.04,63,51,5,91,325,16,627.5,0.2851
11380632,신사2동,은평구,14104,79.04,42,42,1,65,288,11,682.9,0.2552
11380640,증산동,은평구,12647,79.04,51,43,1,71,303,9,328.5,0.5184
11380650,수색동,은평구,14711,79.04,39,16,1,54,108,7,535.6,0.3426
11380690,진관동,은평구,55557,79.04,2,5,0,11,79,4,1707.9,0.0328
11410520,천연동,서대문구,14208,56.9,36,30,2,82,229,8,373.1,0.4741
11410555,북아현동,서대문구,58921,56.9,67,67,3,81,308,14,237.8,0.6215
11410565,충현동,서대문구,36544,56.9,66,64,7,130,277,7,577.6,0.315
11410585,신촌동,서대문구,59413,56.9,94,39,18,65,180,6,490.1,0.3753
11410615,연희동,서대문구,36684,56.9,40,26,2,67,221,11,1584.3,0.0421
11410620,홍제1동,서대문구,22316,56.9,34,42,4,69,231,9,541.3,0.3387
11410640,홍제3동,서대문구,14445,56.9,32,43,3,83,213,11,796.9,0.2031
11410655,홍제2동,서대문구,10096,56.9,19,24,3,40,138,11,303.8,0.5446
11410660,홍은1동,서대문구,14726,56.9,30,22,1,71,187,11,984.1,0.1397
11410685,홍은2동,서대문구,21211,56.9,46,24,1,103,254,11,1046.0,0.1234
11410690,남가좌1동,서대문구,10332,56.9,53,49,6,93,322,24,375.5,0.4719
11410700,남가좌2동,서대문구,20860,56.9,71,55,0,109,339,26,1168.1,0.0967
11410710,북가좌1동,서대문구,14230,56.9,63,53,6,98,313,21,597.8,0.3025
11410720,북가좌2동,서대문구,27006,56.9,75,69,1,92,367,25,443.0,0.4123
11440555,아현동,마포구,29052,90.71,77,90,5,105,363,23,418.6,0.4329
11440565,공덕동,마포구,32262,90.71,70,74,1,101,479,22,500.0,0.3679
11440585,도화동,마포구,15612,90.71,81,62,4,116,330,16,299.0,0.5499
11350625,중계2?3동,노원구,29730,68.81,36,44,2,92,473,0,189.8,0.6841
11350630,상계1동,노원구,30733,68.81,4,3,0,5,94,1,1060.9,0.1198
11350640,상계2동,노원구,26136,68.81,78,76,14,98,860,0,340.2,0.5064
11440700,망원2동,마포구,15057,90.71,69,38,2,77,209,11,574.9,0.3167
11440710,연남동,마포구,17074,90.71,113,70,6,111,328,9,717.1,0.2383
11440720,성산1동,마포구,19907,90.71,113,66,7,122,375,18,674.3,0.2596
11440730,성산2동,마포구,32423,90.71,80,31,7,75,241,17,270.9,0.5817
11440740,상암동,마포구,48864,90.71,3,7,0,23,25,1,1718.9,0.0321
11470510,목1동,양천구,38381,85.72,63,44,8,57,591,9,342.1,0.5045
11470520,목2동,양천구,19612,85.72,59,50,3,64,945,15,371.1,0.4761
11470530,목3동,양천구,17975,85.72,68,57,3,54,862,14,606.3,0.2974
11320512,창2동,도봉구,28848,69.49,74,86,7,78,1074,16,702.5,0.2453
11320513,창3동,도봉구,10195,69.49,42,48,1,84,861,11,1184.5,0.0936
11320514,창4동,도봉구,28436,69.49,57,39,3,75,464,9,324.0,0.5231
11320515,창5동,도봉구,17064,69.49,74,63,9,82,714,11,469.6,0.391
11320521,도봉1동,도봉구,16822,69.49,0,1,0,0,25,0,1761.0,0.0295
11320522,도봉2동,도봉구,18209,69.49,46,55,3,82,633,8,264.0,0.5898
11320660,쌍문1동,도봉구,15727,69.49,56,61,5,84,872,9,641.4,0.2772
11320670,쌍문2동,도봉구,16258,69.49,80,71,11,92,803,10,961.4,0.1462
11320680,쌍문3동,도봉구,16344,69.49,91,97,7,97,1122,18,379.6,0.468
11500550,화곡2동,강서구,11310,75.63,88,99,5,107,766,28,682.5,0.2554
11500604,가양2동,강서구,13624,75.63,35,28,0,58,87,16,597.3,0.3028
11470540,목4동,양천구,17308,85.72,66,65,4,73,870,18,1046.1,0.1234
11470550,목5동,양천구,41834,85.72,36,20,1,43,479,11,955.7,0.1479
11470560,신월1동,양천구,13411,85.72,81,95,7,51,996,24,1079.0,0.1156
11470570,신월2동,양천구,11056,85.72,75,79,5,65,1182,28,690.4,0.2514
11470580,신월3동,양천구,12212,85.72,42,56,5,43,730,11,1527.3,0.0471
11470590,신월4동,양천구,10935,85.72,62,56,5,59,1112,26,1177.4,0.0949
11470600,신월5동,양천구,11238,85.72,59,67,9,60,656,19,976.8,0.1418
11470610,신월6동,양천구,3514,85.72,42,41,4,77,936,22,1053.2,0.1217
11470611,신월7동,양천구,14132,85.72,34,23,3,53,578,16,1975.2,0.0192
11470620,신정1동,양천구,16042,85.72,52,64,5,82,970,23,610.9,0.2947
11470630,신정2동,양천구,14634,85.72,51,38,5,71,603,10,566.3,0.3222
11470640,신정3동,양천구,37169,85.72,34,28,5,74,613,19,1390.7,0.062
11500560,화곡3동,강서구,16274,75.63,69,69,12,67,531,24,558.7,0.3271
11500570,화곡4동,강서구,14861,75.63,68,90,3,97,733,20,1156.3,0.099
11500590,화곡본동,강서구,26054,75.63,65,60,7,89,459,26,687.7,0.2527
11500591,화곡6동,강서구,19917,75.63,71,51,3,74,328,18,1110.4,0.1085
11500593,화곡8동,강서구,71363,75.63,96,83,2,112,597,32,333.3,0.5135
11500603,가양1동,강서구,35916,75.63,43,12,1,42,132,8,689.8,0.2517
11440590,용강동,마포구,23413,90.71,78,46,5,95,283,17,393.9,0.4549
11440600,대흥동,마포구,25374,90.71,126,71,12,120,376,21,477.7,0.3847
11440610,염리동,마포구,18728,90.71,113,77,8,101,341,22,540.3,0.3394
11440630,신수동,마포구,15582,90.71,66,46,6,106,258,19,318.6,0.5288
11440655,서강동,마포구,27576,90.71,83,41,5,110,276,15,301.2,0.5475
11440660,서교동,마포구,70343,90.71,174,71,6,144,364,11,333.9,0.5129
11440680,합정동,마포구,18579,90.71,69,21,2,50,176,8,462.3,0.3967
11440690,망원1동,마포구,19120,90.71,57,29,1,64,166,6,950.5,0.1494
11470650,신정4동,양천구,32173,85.72,77,98,7,83,1010,26,134.2,0.7646
11470670,신정6동,양천구,18537,85.72,32,30,2,69,615,15,521.4,0.3525
11470680,신정7동,양천구,19803,85.72,32,32,4,76,456,17,282.0,0.5689
11500510,염창동,강서구,29941,75.63,53,35,4,58,259,10,693.2,0.2499
11500520,등촌1동,강서구,20021,75.63,77,47,2,72,289,17,267.9,0.5852
11650600,방배1동,서초구,20540,64.47,47,28,6,90,931,13,388.9,0.4594
11650610,방배2동,서초구,18890,64.47,2,0,0,7,98,1,417.2,0.4341
11650620,방배3동,서초구,25979,64.47,21,10,1,62,371,6,783.2,0.2088
11650621,방배4동,서초구,27645,64.47,69,43,10,95,1141,7,333.0,0.5138
11650651,양재1동,서초구,60236,64.47,10,7,0,26,307,11,1409.9,0.0596
11650652,양재2동,서초구,38076,64.47,5,5,0,19,144,4,980.0,0.1408
11650660,내곡동,서초구,22274,64.47,3,4,2,15,115,7,1635.1,0.038
11680510,신사동,강남구,34099,74.01,47,29,6,26,193,6,740.0,0.2276
11530770,오류1동,구로구,19383,90.89,48,58,6,79,344,10,418.9,0.4326
11530780,오류2동,구로구,49992,90.89,19,23,3,58,165,12,150.1,0.7407
11530790,수궁동,구로구,18722,90.89,19,20,0,43,168,10,688.0,0.2526
11530800,항동,구로구,0,90.89,13,9,0,35,106,7,1234.8,0.0846
11545510,가산동,금천구,60042,100.01,149,83,3,114,211,2,420.4,0.4314
11545610,독산1동,금천구,37384,100.01,90,54,7,87,197,11,384.5,0.4635
11545620,독산2동,금천구,10188,100.01,75,98,8,69,387,24,1205.1,0.0898
11545630,독산3동,금천구,14301,100.01,92,110,14,108,391,21,1089.6,0.1131
11545640,독산4동,금천구,11594,100.01,73,102,6,83,387,21,1343.6,0.0681
11545670,시흥1동,금천구,25497,100.01,51,81,10,78,301,16,652.1,0.2714
11545680,시흥2동,금천구,11875,100.01,10,11,0,43,100,1,2346.0,0.0092
11545690,시흥3동,금천구,10187,100.01,14,23,0,28,101,10,647.6,0.2739
11545700,시흥4동,금천구,9839,100.01,49,79,4,63,382,22,1442.7,0.0558
11545710,시흥5동,금천구,10766,100.01,27,41,0,77,233,11,1641.0,0.0376
11560515,영등포본동,영등포구,17658,87.19,98,132,12,86,1465,7,263.6,0.5902
11560535,영등포동,영등포구,54260,87.19,107,101,10,73,930,7,248.2,0.6088
11560540,여의동,영등포구,100951,87.19,66,43,2,41,147,0,421.9,0.4301
11560550,당산1동,영등포구,24101,87.19,102,94,12,95,896,12,158.5,0.7283
11560560,당산2동,영등포구,45378,87.19,68,35,4,69,525,11,86.9,0.8405
11560585,도림동,영등포구,14650,87.19,78,96,13,105,1327,11,833.3,0.1889
11560605,문래동,영등포구,35067,87.19,76,56,7,95,847,10,362.5,0.4844
11560610,양평1동,영등포구,20544,87.19,77,54,8,63,643,4,53.0,0.8993
11560620,양평2동,영등포구,26110,87.19,32,19,2,36,357,3,661.5,0.2663
11560630,신길1동,영등포구,17568,87.19,67,70,5,91,954,5,511.9,0.3592
11560650,신길3동,영등포구,13174,87.19,70,97,7,126,1515,13,776.2,0.2117
11560660,신길4동,영등포구,6846,87.19,79,100,8,118,1556,17,837.7,0.1872
11560670,신길5동,영등포구,9586,87.19,78,112,7,129,1449,18,402.7,0.4469
11560680,신길6동,영등포구,20053,87.19,57,70,3,106,941,17,335.8,0.5109
11560690,신길7동,영등포구,18507,87.19,75,75,6,115,998,10,273.1,0.5792
11560700,대림1동,영등포구,14017,87.19,84,135,6,101,1337,13,723.8,0.2351
11560710,대림2동,영등포구,16574,87.19,119,147,11,109,1125,13,483.4,0.3803
11560720,대림3동,영등포구,22869,87.19,93,114,11,128,1336,13,775.0,0.2123
11590510,노량진1동,동작구,34641,68.73,60,37,3,87,135,10,384.2,0.4637
11590520,노량진2동,동작구,14559,68.73,68,54,3,89,171,8,401.7,0.4478
11590530,상도1동,동작구,42861,68.73,62,40,1,105,176,8,265.2,0.5884
11590540,상도2동,동작구,19023,68.73,78,64,5,118,256,11,270.9,0.5817
11590550,상도3동,동작구,16357,68.73,71,53,4,122,295,10,474.8,0.3869
11590560,상도4동,동작구,18720,68.73,64,54,3,143,289,12,840.3,0.1863
11590605,흑석동,동작구,32261,68.73,28,25,6,72,116,10,393.3,0.4554
11590620,사당1동,동작구,20808,68.73,102,56,10,77,667,23,482.5,0.381
11590630,사당2동,동작구,30362,68.73,18,18,1,32,219,3,696.0,0.2486
11590640,사당3동,동작구,16258,68.73,47,49,3,74,184,12,461.8,0.3971
11590650,사당4동,동작구,13213,68.73,97,56,4,72,350,26,452.0,0.405
11590651,사당5동,동작구,10203,68.73,62,58,2,82,276,19,572.3,0.3184
11590660,대방동,동작구,47266,68.73,65,50,2,114,401,5,481.5,0.3818
11590670,신대방1동,동작구,19621,68.73,83,116,8,88,840,9,355.3,0.4913
11590680,신대방2동,동작구,20891,68.73,80,56,3,95,440,7,238.6,0.6205
11620525,보라매동,관악구,18832,96.89,107,68,9,129,421,16,453.6,0.4036
11620545,청림동,관악구,11318,96.89,55,42,3,68,226,6,875.6,0.1736
11620565,성현동,관악구,19946,96.89,82,60,7,101,327,7,760.1,0.2187
11620575,행운동,관악구,22686,96.89,99,63,8,82,353,20,527.6,0.3481
11620585,낙성대동,관악구,24905,96.89,18,14,0,53,127,6,1080.4,0.1152
11620595,청룡동,관악구,41494,96.89,98,53,13,66,366,17,590.4,0.307
11620605,은천동,관악구,26577,96.89,79,51,9,118,406,19,515.2,0.3569
11620615,중앙동,관악구,12708,96.89,101,74,15,99,386,13,370.9,0.4762
11620625,인헌동,관악구,21744,96.89,33,21,0,42,218,9,871.9,0.1748
11620630,남현동,관악구,21694,96.89,1,1,0,5,65,4,1006.1,0.1337
11620645,서원동,관악구,19180,96.89,118,96,12,96,491,16,263.8,0.59
11620655,신원동,관악구,14560,96.89,93,92,6,80,472,10,582.6,0.3119
11620665,서림동,관악구,17305,96.89,80,60,0,56,340,20,523.4,0.3511
11620685,신사동,관악구,18235,96.89,101,96,6,91,380,8,517.2,0.3554
11620695,신림동,관악구,28520,96.89,109,93,7,93,424,10,327.0,0.52
11620715,난향동,관악구,5762,96.89,13,24,0,43,221,9,1793.0,0.0277
11620725,조원동,관악구,47271,96.89,117,114,11,102,596,11,591.3,0.3065
11620735,대학동,관악구,36052,96.89,0,0,0,21,15,0,1822.9,0.0261
11620745,삼성동,관악구,17850,96.89,20,19,0,38,185,6,1283.9,0.0767
11620765,미성동,관악구,20153,96.89,59,69,5,83,381,15,1296.3,0.0748
11620775,난곡동,관악구,16129,96.89,24,47,1,73,411,12,1142.0,0.1019
11650510,서초1동,서초구,29885,64.47,96,53,10,93,783,10,406.5,0.4435
11500605,가양3동,강서구,11196,75.63,52,36,1,62,156,16,383.9,0.4641
11500611,발산1동,강서구,30921,75.63,43,41,3,66,182,15,996.0,0.1364
11500615,우장산동,강서구,32722,75.63,83,72,19,88,361,25,471.5,0.3895
11500620,공항동,강서구,31599,75.63,8,0,3,12,4,0,927.9,0.1563
11500630,방화1동,강서구,29735,75.63,64,54,8,85,303,26,147.0,0.7453
11500640,방화2동,강서구,21388,75.63,11,7,0,13,99,5,690.2,0.2515
11500641,방화3동,강서구,13556,75.63,17,9,0,24,96,10,672.7,0.2604
11530510,신도림동,구로구,30450,90.89,41,42,4,67,378,8,475.2,0.3866
11530520,구로1동,구로구,15857,90.89,37,72,2,61,267,2,571.8,0.3187
11530530,구로2동,구로구,31781,90.89,63,94,4,83,416,5,707.8,0.2428
11530540,구로3동,구로구,41597,90.89,146,166,10,110,836,9,575.3,0.3165
11530550,구로4동,구로구,15884,90.89,115,165,6,101,988,9,447.8,0.4083
11530560,구로5동,구로구,32117,90.89,76,74,8,100,607,10,593.4,0.3052
11530595,가리봉동,구로구,11852,90.89,168,146,6,127,414,6,380.2,0.4675
11530720,고척1동,구로구,24274,90.89,51,68,9,79,351,8,764.9,0.2166
11530730,고척2동,구로구,14612,90.89,40,58,5,117,453,16,1309.1,0.0729
11530740,개봉1동,구로구,26305,90.89,56,74,5,104,437,14,692.8,0.2502
11530750,개봉2동,구로구,21260,90.89,40,66,5,71,293,8,361.3,0.4854
11530760,개봉3동,구로구,17565,90.89,33,47,0,51,233,9,841.9,0.1857
11500530,등촌2동,강서구,15458,75.63,55,46,1,49,620,13,730.5,0.232
11500535,등촌3동,강서구,31132,75.63,98,57,10,106,208,27,730.0,0.2322
11500540,화곡1동,강서구,52963,75.63,111,99,7,67,851,33,555.8,0.3291
11650540,잠원동,서초구,37621,64.47,57,23,14,38,439,11,498.1,0.3693
11650550,반포본동,서초구,6679,64.47,21,14,2,35,379,10,317.1,0.5304
11650560,반포1동,서초구,34739,64.47,99,57,17,75,752,15,198.1,0.6729
11650570,반포2동,서초구,25974,64.47,31,35,3,32,398,15,422.9,0.4292
11650580,반포3동,서초구,24117,64.47,38,32,7,38,302,13,641.8,0.277
11650581,반포4동,서초구,44002,64.47,57,43,6,71,767,14,450.0,0.4066
11650590,방배본동,서초구,17570,64.47,50,41,8,77,885,9,701.5,0.2459
11710562,방이2동,송파구,38979,69.8,97,45,11,52,242,19,351.3,0.4953
11710566,오륜동,송파구,26183,69.8,31,22,3,32,116,4,181.4,0.6957
11710570,오금동,송파구,35771,69.8,49,32,7,62,242,22,545.2,0.3361
11710580,송파1동,송파구,24911,69.8,123,64,12,62,331,20,360.6,0.4862
11680521,논현1동,강남구,39518,74.01,159,63,38,59,614,11,457.9,0.4002
11680531,논현2동,강남구,46981,74.01,115,50,25,56,347,11,417.7,0.4337
11680545,압구정동,강남구,41856,74.01,53,32,12,24,157,7,596.9,0.3031
11680565,청담동,강남구,41777,74.01,61,29,11,30,237,8,613.9,0.293
11680580,삼성1동,강남구,42449,74.01,86,32,14,51,212,7,129.6,0.7717
11680590,삼성2동,강남구,38396,74.01,143,58,16,51,329,10,418.9,0.4327
11680600,대치1동,강남구,29475,74.01,70,44,5,55,254,19,419.3,0.4323
11680610,대치2동,강남구,50222,74.01,81,42,5,50,243,10,648.8,0.2732
11710520,풍납2동,송파구,33352,69.8,13,16,1,23,153,3,1090.9,0.1128
11710531,거여1동,송파구,12701,69.8,57,57,9,56,313,23,272.7,0.5796
11710532,거여2동,송파구,16197,69.8,47,52,8,62,296,24,383.0,0.4648
11710540,마천1동,송파구,11208,69.8,31,35,3,40,224,20,287.7,0.5624
11710550,마천2동,송파구,12128,69.8,41,41,6,40,263,22,643.5,0.2761
11710561,방이1동,송파구,16909,69.8,70,38,7,58,188,17,343.3,0.5033
11650520,서초2동,서초구,45184,64.47,114,44,5,92,650,12,717.5,0.2381
11650530,서초3동,서초구,67864,64.47,89,52,8,84,792,13,598.4,0.3021
11650531,서초4동,서초구,40311,64.47,118,49,14,114,816,9,709.5,0.242
11680630,대치4동,강남구,40741,74.01,144,68,14,65,336,23,614.2,0.2928
11680640,역삼1동,강남구,97551,74.01,205,59,20,82,422,9,88.0,0.8386
11680650,역삼2동,강남구,53463,74.01,172,68,21,62,307,17,707.1,0.2431
11680655,도곡1동,강남구,45916,74.01,107,45,10,79,440,16,553.0,0.3309
11680656,도곡2동,강남구,26860,74.01,49,38,4,71,309,15,256.0,0.5993
11680660,개포1동,강남구,25363,74.01,9,11,0,39,118,7,1051.1,0.1222
11680670,개포2동,강남구,30035,74.01,14,16,0,43,147,15,555.1,0.3295
11680690,개포4동,강남구,15789,74.01,39,34,2,52,379,10,1364.7,0.0653
11680700,세곡동,강남구,46105,74.01,17,17,2,52,145,20,1759.7,0.0296
11710590,송파2동,송파구,18675,69.8,88,60,10,70,252,19,551.4,0.3319
11710600,석촌동,송파구,26361,69.8,93,48,7,51,291,15,484.5,0.3795
11710632,가락2동,송파구,22291,69.8,67,45,9,68,266,24,435.1,0.4189
11710641,문정1동,송파구,21899,69.8,100,62,10,81,237,20,483.7,0.3801
11710642,문정2동,송파구,41426,69.8,81,44,6,51,143,10,596.0,0.3036
11710646,장지동,송파구,30716,69.8,66,47,3,83,212,15,667.8,0.263
11710647,위례동,송파구,48398,69.8,23,17,2,69,136,8,1313.5,0.0723
11710650,잠실본동,송파구,35166,69.8,75,47,12,35,210,12,497.8,0.3695
11710670,잠실2동,송파구,35759,69.8,41,23,6,18,59,2,718.8,0.2375
11710680,잠실3동,송파구,42413,69.8,55,45,4,55,134,8,527.7,0.348
11710690,잠실4동,송파구,27960,69.8,55,32,6,37,172,13,461.7,0.3971
11710710,잠실6동,송파구,39166,69.8,41,29,3,35,105,8,396.9,0.4521
11710720,잠실7동,송파구,10163,69.8,54,29,6,29,141,5,411.3,0.4393
11740515,강일동,강동구,48525,64.03,23,27,1,63,113,10,687.5,0.2528
11740520,상일동,강동구,41437,64.03,40,40,5,66,166,9,686.8,0.2532
11740530,명일1동,강동구,23814,64.03,68,70,6,81,262,22,206.4,0.6618
11740540,명일2동,강동구,16194,64.03,35,35,7,56,166,10,751.2,0.2226
11740550,고덕1동,강동구,23986,64.03,17,22,2,60,114,9,796.6,0.2033
11740560,고덕2동,강동구,22853,64.03,21,18,1,48,115,7,996.2,0.1364
11740570,암사1동,강동구,29116,64.03,78,83,4,69,345,23,605.7,0.2978
11740580,암사2동,강동구,13535,64.03,20,20,0,20,84,4,830.7,0.1899
11740590,암사3동,강동구,16961,64.03,12,17,0,33,104,7,491.3,0.3743
11740600,천호1동,강동구,28641,64.03,97,105,9,77,414,25,391.6,0.4569
11740610,천호2동,강동구,44168,64.03,68,62,8,43,239,10,714.6,0.2395
11740620,천호3동,강동구,27479,64.03,118,106,23,77,400,16,437.8,0.4166
11710610,삼전동,송파구,27368,69.8,72,41,7,34,236,14,460.8,0.3979
11710620,가락본동,송파구,42616,69.8,76,50,11,77,200,20,282.6,0.5682
11710631,가락1동,송파구,29278,69.8,62,52,3,39,195,16,608.3,0.2962
11680720,일원본동,강남구,23857,74.01,19,8,3,33,122,15,152.9,0.7365
11680730,일원1동,강남구,13773,74.01,30,25,4,36,168,12,858.7,0.1795
11680740,일원2동,강남구,17362,74.01,30,13,3,40,208,11,314.0,0.5337
11680750,수서동,강남구,23579,74.01,19,11,1,32,133,10,128.5,0.7734
11710510,풍납1동,송파구,13316,69.8,38,30,4,35,201,6,760.0,0.2187
11740690,둔촌1동,강동구,28216,64.03,38,24,6,46,101,3,432.3,0.4212
11740700,둔촌2동,강동구,25596,64.03,53,41,12,61,137,4,269.3,0.5835
11740640,성내1동,강동구,21742,64.03,71,57,12,68,300,9,481.2,0.3819
11740650,성내2동,강동구,23811,64.03,116,83,18,82,390,12,450.1,0.4065
11740660,성내3동,강동구,28029,64.03,79,58,15,74,245,8,227.9,0.6339
11740685,길동,강동구,59082,64.03,70,68,14,62,220,9,567.1,0.3217
